frame,id,x,y,yeni_id
0,1,515,572,1
1,1,511,572,1
2,1,516,571,1
3,1,514,571,1
4,1,518,570,1
5,1,536,567,1
6,1,546,567,1
7,1,553,567,1
8,1,558,567,1
9,1,564,567,1
10,1,571,567,1
11,1,570,566,1
12,1,566,566,1
13,1,563,566,1
14,1,560,566,1
15,1,555,566,1
16,1,550,567,1
17,1,542,567,1
18,1,537,567,1
19,1,531,567,1
20,1,524,567,1
21,1,517,568,1
22,1,518,568,1
23,1,517,569,1
24,1,517,569,1
25,1,516,569,1
26,1,515,569,1
27,1,514,569,1
28,1,512,570,1
29,1,511,570,1
30,1,509,570,1
31,1,508,571,1
32,1,507,571,1
33,1,506,572,1
34,1,506,572,1
35,1,505,572,1
36,1,505,572,1
37,1,504,572,1
38,1,505,572,1
39,1,505,572,1
40,1,505,572,1
41,1,504,572,1
42,1,505,572,1
43,1,505,572,1
44,1,505,572,1
45,1,506,572,1
46,1,506,572,1
47,1,506,572,1
48,1,506,572,1
49,1,506,572,1
50,1,506,572,1
51,1,507,572,1
52,1,507,572,1
53,1,507,572,1
54,1,508,572,1
55,1,509,572,1
56,1,509,571,1
57,1,509,571,1
58,1,509,571,1
59,1,510,571,1
60,1,510,572,1
61,1,510,572,1
62,1,508,573,1
63,1,509,573,1
64,1,507,574,1
65,1,506,575,1
66,1,507,575,1
67,1,506,576,1
68,1,504,576,1
69,1,505,575,1
70,1,505,575,1
71,1,507,574,1
72,1,508,575,1
73,1,510,581,1
74,1,508,590,1
75,1,506,602,1
76,1,505,614,1
77,1,504,630,1
78,1,498,644,1
79,1,491,660,1
80,1,485,675,1
81,1,478,688,1
82,1,476,699,1
83,1,471,706,1
84,1,466,709,1
85,1,459,711,1
86,1,448,711,1
88,1,433,711,1
89,1,448,710,1
90,1,449,710,1
91,1,450,710,1
100,1,406,713,1
101,1,404,713,1
115,1,408,713,1
116,1,412,712,1
117,1,412,711,1
118,1,413,711,1
119,1,410,711,1
122,1,411,711,1
126,1,414,711,1
127,1,412,712,1
128,1,412,712,1
129,1,413,712,1
130,1,413,711,1
131,1,415,711,1
132,1,413,711,1
133,1,415,711,1
134,1,407,711,1
135,1,412,711,1
136,1,408,711,1
137,1,411,712,1
138,1,415,712,1
139,1,416,710,1
140,1,417,711,1
141,1,417,710,1
142,1,413,710,1
143,1,412,710,1
144,1,412,710,1
145,1,413,710,1
146,1,416,710,1
147,1,418,710,1
148,1,421,708,1
149,1,425,708,1
150,1,426,708,1
151,1,428,708,1
152,1,434,708,1
153,1,439,708,1
154,1,453,708,1
155,1,453,708,1
156,1,454,708,1
157,1,457,707,1
158,1,480,703,1
159,1,495,699,1
160,1,496,692,1
161,1,505,681,1
162,1,499,670,1
163,1,496,657,1
164,1,492,651,1
165,1,492,650,1
166,1,492,650,1
167,1,494,650,1
168,1,497,651,1
169,1,497,651,1
170,1,495,651,1
171,1,496,651,1
172,1,495,651,1
173,1,499,650,1
174,1,498,641,1
175,1,500,629,1
176,1,503,615,1
177,1,506,603,1
178,1,507,593,1
179,1,507,580,1
180,1,507,572,1
181,1,509,570,1
182,1,508,570,1
183,1,508,570,1
184,1,509,569,1
185,1,512,568,1
186,1,516,568,1
187,1,523,568,1
188,1,523,568,1
189,1,529,568,1
190,1,540,566,1
193,1,550,567,1
194,1,549,564,1
197,1,554,552,1
198,1,557,545,1
199,1,565,546,1
200,1,576,541,1
201,1,594,540,1
202,1,606,542,1
203,1,608,541,1
204,1,601,542,1
205,1,594,543,1
206,1,592,547,1
207,1,588,550,1
208,1,585,551,1
209,1,587,551,1
210,1,586,556,1
211,1,584,559,1
212,1,581,559,1
213,1,584,559,1
214,1,587,559,1
215,1,589,559,1
216,1,589,559,1
217,1,590,559,1
218,1,593,559,1
219,1,595,558,1
220,1,592,558,1
221,1,591,556,1
222,1,589,554,1
223,1,587,553,1
224,1,585,542,1
225,1,584,540,1
226,1,583,553,1
227,1,584,561,1
228,1,584,567,1
229,1,583,572,1
230,1,582,576,1
231,1,579,580,1
232,1,577,584,1
233,1,577,589,1
234,1,576,593,1
235,1,573,595,1
236,1,570,598,1
237,1,568,598,1
238,1,566,597,1
239,1,564,597,1
240,1,562,597,1
241,1,559,594,1
242,1,560,594,1
243,1,556,592,1
244,1,559,592,1
245,1,552,590,1
246,1,561,591,1
247,1,551,591,1
248,1,556,591,1
249,1,559,591,1
250,1,560,591,1
251,1,555,589,1
259,1,534,594,1
260,1,526,594,1
261,1,534,594,1
262,1,536,593,1
263,1,538,592,1
264,1,538,593,1
265,1,537,595,1
266,1,541,598,1
267,1,535,600,1
268,1,536,601,1
269,1,540,601,1
270,1,548,600,1
271,1,551,599,1
272,1,557,601,1
273,1,559,601,1
274,1,561,601,1
275,1,562,601,1
276,1,563,600,1
277,1,565,600,1
278,1,565,600,1
279,1,567,600,1
280,1,570,601,1
281,1,570,602,1
282,1,571,602,1
283,1,574,602,1
284,1,577,602,1
285,1,580,602,1
286,1,581,601,1
287,1,583,602,1
288,1,584,601,1
289,1,585,601,1
290,1,586,601,1
291,1,584,602,1
292,1,584,604,1
293,1,583,610,1
294,1,584,616,1
295,1,584,623,1
296,1,581,629,1
297,1,580,633,1
298,1,580,634,1
299,1,579,635,1
300,1,579,635,1
301,1,578,634,1
302,1,576,634,1
303,1,578,634,1
304,1,579,634,1
305,1,581,635,1
306,1,581,635,1
307,1,575,635,1
308,1,572,634,1
309,1,572,634,1
310,1,580,634,1
311,1,582,634,1
312,1,582,634,1
313,1,582,634,1
314,1,582,634,1
315,1,582,634,1
316,1,582,634,1
317,1,582,634,1
318,1,582,634,1
319,1,576,634,1
320,1,575,634,1
321,1,581,634,1
322,1,583,634,1
323,1,584,634,1
324,1,584,634,1
325,1,585,634,1
326,1,584,634,1
327,1,584,634,1
328,1,585,634,1
329,1,585,634,1
330,1,585,634,1
331,1,584,634,1
332,1,584,634,1
333,1,584,634,1
334,1,584,634,1
335,1,583,633,1
336,1,582,633,1
337,1,581,634,1
338,1,581,633,1
339,1,581,633,1
340,1,576,634,1
341,1,569,634,1
342,1,558,634,1
343,1,558,634,1
344,1,557,634,1
345,1,553,634,1
346,1,550,634,1
347,1,548,634,1
348,1,548,633,1
349,1,554,633,1
350,1,555,633,1
351,1,556,633,1
352,1,556,633,1
353,1,550,633,1
354,1,549,633,1
355,1,552,633,1
356,1,554,633,1
357,1,549,633,1
358,1,542,633,1
359,1,539,633,1
360,1,540,633,1
361,1,542,634,1
362,1,535,634,1
363,1,553,634,1
364,1,561,634,1
365,1,568,634,1
366,1,570,634,1
367,1,574,634,1
368,1,576,634,1
369,1,577,634,1
370,1,579,634,1
371,1,580,632,1
372,1,583,630,1
373,1,585,628,1
374,1,587,630,1
375,1,589,632,1
376,1,591,632,1
377,1,594,633,1
378,1,595,632,1
379,1,593,633,1
380,1,594,633,1
381,1,594,633,1
382,1,595,632,1
383,1,595,632,1
384,1,596,631,1
385,1,597,627,1
386,1,596,618,1
387,1,595,608,1
388,1,595,599,1
389,1,596,594,1
390,1,599,591,1
391,1,601,589,1
392,1,601,588,1
393,1,605,588,1
394,1,606,589,1
395,1,607,589,1
396,1,606,589,1
397,1,603,589,1
398,1,603,589,1
399,1,589,589,1
400,1,582,587,1
401,1,576,582,1
402,1,572,572,1
403,1,570,564,1
404,1,568,556,1
405,1,565,548,1
406,1,563,538,1
407,1,557,531,1
408,1,550,528,1
409,1,551,526,1
410,1,547,525,1
411,1,546,526,1
412,1,549,525,1
413,1,546,526,1
414,1,556,526,1
415,1,560,527,1
416,1,562,528,1
417,1,562,531,1
418,1,563,533,1
419,1,562,536,1
420,1,554,537,1
431,1,527,540,1
432,1,526,540,1
433,1,525,540,1
434,1,525,540,1
435,1,525,540,1
436,1,525,540,1
437,1,526,541,1
438,1,526,541,1
439,1,526,541,1
440,1,525,542,1
441,1,525,543,1
442,1,525,543,1
443,1,525,543,1
444,1,525,543,1
445,1,525,543,1
446,1,526,542,1
447,1,526,543,1
448,1,526,543,1
450,1,525,541,1
451,1,525,541,1
452,1,526,541,1
453,1,527,541,1
454,1,528,541,1
455,1,528,541,1
456,1,528,539,1
457,1,529,538,1
458,1,530,538,1
459,1,529,538,1
460,1,537,537,1
461,1,535,538,1
462,1,541,539,1
463,1,553,538,1
464,1,562,539,1
465,1,571,539,1
466,1,580,540,1
467,1,594,540,1
468,1,614,539,1
469,1,621,540,1
470,1,618,541,1
471,1,619,542,1
472,1,632,543,1
473,1,634,545,1
474,1,632,543,1
475,1,642,542,1
476,1,640,540,1
477,1,646,539,1
478,1,649,536,1
479,1,649,535,1
480,1,649,536,1
481,1,645,535,1
482,1,640,535,1
483,1,638,535,1
484,1,636,535,1
485,1,635,534,1
486,1,638,534,1
487,1,640,533,1
488,1,637,533,1
489,1,628,528,1
490,1,621,524,1
491,1,611,517,1
492,1,604,510,1
493,1,595,503,1
494,1,594,497,1
495,1,596,491,1
496,1,594,487,1
497,1,596,481,1
498,1,599,479,1
500,1,611,477,1
501,1,610,477,1
502,1,612,477,1
503,1,611,476,1
504,1,613,476,1
505,1,616,477,1
527,1,594,480,1
528,1,592,480,1
529,1,592,479,1
530,1,593,479,1
531,1,592,480,1
532,1,588,480,1
533,1,581,479,1
535,1,619,477,1
536,1,629,478,1
537,1,630,477,1
538,1,622,477,1
539,1,622,477,1
540,1,600,477,1
541,1,611,476,1
542,1,607,477,1
543,1,607,477,1
544,1,614,475,1
545,1,622,474,1
546,1,635,474,1
547,1,639,474,1
548,1,643,474,1
549,1,646,474,1
550,1,650,472,1
551,1,653,469,1
552,1,654,463,1
553,1,654,464,1
554,1,652,466,1
555,1,652,459,1
556,1,652,466,1
557,1,651,460,1
558,1,655,458,1
559,1,656,466,1
560,1,658,463,1
561,1,661,470,1
562,1,661,473,1
563,1,664,474,1
564,1,666,475,1
565,1,669,475,1
566,1,671,475,1
567,1,673,475,1
568,1,675,475,1
569,1,678,475,1
570,1,681,475,1
571,1,685,475,1
572,1,686,474,1
573,1,689,473,1
574,1,694,472,1
575,1,699,473,1
576,1,702,473,1
577,1,701,473,1
578,1,695,472,1
579,1,691,472,1
580,1,688,470,1
581,1,685,471,1
582,1,683,475,1
583,1,679,456,1
584,1,678,472,1
585,1,677,467,1
586,1,675,473,1
587,1,671,479,1
588,1,665,481,1
589,1,665,483,1
590,1,660,484,1
591,1,658,485,1
592,1,657,485,1
593,1,657,485,1
594,1,657,484,1
595,1,659,483,1
596,1,659,484,1
597,1,662,486,1
598,1,676,486,1
599,1,683,486,1
600,1,687,486,1
601,1,690,487,1
602,1,691,487,1
603,1,692,486,1
604,1,692,487,1
605,1,696,487,1
606,1,698,486,1
607,1,697,486,1
608,1,696,485,1
609,1,696,486,1
610,1,700,486,1
611,1,699,490,1
612,1,702,492,1
613,1,705,493,1
614,1,707,494,1
615,1,714,494,1
616,1,713,497,1
617,1,713,503,1
618,1,717,505,1
619,1,719,507,1
620,1,720,507,1
621,1,720,507,1
622,1,720,507,1
623,1,709,507,1
624,1,713,507,1
625,1,702,506,1
626,1,699,506,1
627,1,697,506,1
628,1,696,505,1
629,1,694,505,1
630,1,693,505,1
631,1,703,506,1
632,1,705,506,1
633,1,696,505,1
634,1,690,505,1
635,1,687,505,1
636,1,687,505,1
637,1,698,505,1
638,1,710,505,1
639,1,714,505,1
640,1,715,505,1
641,1,711,506,1
642,1,699,506,1
643,1,700,506,1
644,1,693,506,1
645,1,702,506,1
646,1,693,506,1
647,1,687,506,1
648,1,684,506,1
649,1,689,506,1
650,1,691,507,1
651,1,694,507,1
652,1,696,507,1
653,1,702,507,1
654,1,703,506,1
655,1,706,506,1
656,1,709,506,1
657,1,710,507,1
658,1,711,507,1
659,1,713,506,1
660,1,711,506,1
661,1,711,506,1
662,1,710,507,1
663,1,711,507,1
664,1,713,507,1
665,1,713,507,1
666,1,712,504,1
667,1,712,504,1
668,1,715,505,1
669,1,717,507,1
670,1,718,508,1
671,1,718,508,1
672,1,719,508,1
673,1,719,508,1
674,1,718,508,1
675,1,719,508,1
676,1,720,508,1
677,1,719,507,1
678,1,718,506,1
679,1,719,506,1
680,1,721,504,1
681,1,724,500,1
682,1,727,495,1
683,1,730,488,1
684,1,731,481,1
685,1,730,473,1
686,1,730,466,1
687,1,729,461,1
688,1,726,457,1
689,1,721,457,1
690,1,718,457,1
691,1,716,457,1
692,1,714,458,1
693,1,712,458,1
694,1,710,458,1
695,1,708,459,1
696,1,705,459,1
697,1,702,460,1
698,1,699,460,1
699,1,695,459,1
700,1,692,460,1
701,1,688,459,1
702,1,686,453,1
703,1,683,446,1
704,1,680,441,1
705,1,679,439,1
706,1,678,437,1
707,1,677,435,1
708,1,675,431,1
709,1,669,429,1
710,1,664,425,1
711,1,660,422,1
712,1,659,421,1
713,1,659,420,1
714,1,658,420,1
715,1,658,420,1
716,1,659,420,1
717,1,658,420,1
718,1,657,420,1
719,1,656,420,1
720,1,655,421,1
721,1,655,420,1
722,1,655,420,1
723,1,655,420,1
724,1,656,420,1
725,1,654,419,1
726,1,658,419,1
727,1,661,419,1
728,1,665,419,1
729,1,664,419,1
730,1,668,419,1
731,1,670,419,1
732,1,669,419,1
733,1,669,420,1
734,1,674,420,1
735,1,677,420,1
736,1,677,420,1
737,1,678,420,1
738,1,681,420,1
739,1,683,420,1
740,1,685,420,1
741,1,687,420,1
742,1,690,421,1
743,1,694,424,1
744,1,699,429,1
745,1,706,431,1
746,1,712,434,1
747,1,716,433,1
748,1,719,432,1
749,1,724,429,1
750,1,727,431,1
751,1,730,432,1
752,1,732,435,1
753,1,733,435,1
754,1,735,434,1
755,1,737,434,1
756,1,739,434,1
757,1,742,435,1
758,1,745,435,1
759,1,747,435,1
760,1,749,436,1
761,1,751,436,1
762,1,755,436,1
763,1,758,435,1
764,1,761,435,1
765,1,763,436,1
766,1,766,435,1
767,1,771,434,1
768,1,775,436,1
769,1,778,437,1
770,1,780,437,1
771,1,780,437,1
772,1,780,438,1
773,1,780,438,1
774,1,780,438,1
775,1,779,438,1
776,1,779,438,1
777,1,778,435,1
778,1,778,429,1
779,1,777,423,1
780,1,776,417,1
781,1,774,409,1
782,1,775,401,1
783,1,775,395,1
784,1,774,392,1
785,1,782,391,1
786,1,784,391,1
787,1,776,392,1
788,1,771,392,1
789,1,766,392,1
790,1,763,392,1
791,1,757,391,1
792,1,754,391,1
793,1,750,390,1
794,1,746,389,1
795,1,743,387,1
796,1,740,383,1
797,1,738,379,1
798,1,736,373,1
799,1,734,369,1
800,1,734,365,1
801,1,732,360,1
802,1,731,357,1
803,1,732,354,1
804,1,731,354,1
805,1,732,352,1
806,1,732,349,1
807,1,731,347,1
808,1,730,345,1
809,1,730,344,1
810,1,732,344,1
811,1,734,344,1
812,1,735,344,1
813,1,737,341,1
814,1,740,341,1
815,1,743,341,1
816,1,746,342,1
817,1,750,343,1
818,1,755,344,1
819,1,760,343,1
820,1,765,342,1
821,1,770,341,1
822,1,781,341,1
823,1,787,340,1
824,1,793,341,1
825,1,797,341,1
826,1,800,340,1
827,1,801,339,1
828,1,803,338,1
829,1,805,340,1
830,1,808,340,1
831,1,809,343,1
832,1,810,345,1
833,1,808,348,1
834,1,809,349,1
835,1,809,349,1
836,1,808,349,1
837,1,806,350,1
838,1,805,350,1
839,1,804,351,1
840,1,802,351,1
841,1,799,352,1
842,1,797,352,1
843,1,794,351,1
844,1,791,351,1
845,1,789,350,1
846,1,785,350,1
847,1,782,349,1
848,1,779,350,1
849,1,777,349,1
850,1,773,349,1
851,1,773,350,1
852,1,772,351,1
853,1,771,352,1
854,1,770,352,1
855,1,770,352,1
856,1,770,352,1
857,1,770,352,1
858,1,769,352,1
859,1,770,352,1
860,1,770,352,1
861,1,770,352,1
862,1,769,352,1
863,1,768,352,1
864,1,766,352,1
865,1,766,352,1
866,1,766,352,1
867,1,767,352,1
868,1,767,352,1
869,1,767,352,1
870,1,767,353,1
871,1,768,353,1
872,1,768,353,1
873,1,769,353,1
874,1,769,353,1
875,1,770,353,1
876,1,771,353,1
877,1,771,353,1
878,1,771,352,1
879,1,771,352,1
880,1,770,352,1
881,1,770,352,1
882,1,770,352,1
883,1,770,352,1
884,1,770,352,1
885,1,770,352,1
886,1,770,353,1
887,1,770,353,1
888,1,770,353,1
889,1,769,353,1
890,1,769,353,1
891,1,769,353,1
892,1,768,353,1
893,1,767,353,1
894,1,766,353,1
895,1,766,353,1
896,1,766,353,1
897,1,765,353,1
898,1,763,353,1
899,1,764,353,1
900,1,764,353,1
901,1,764,352,1
902,1,764,352,1
903,1,763,352,1
904,1,763,351,1
905,1,762,351,1
906,1,762,351,1
907,1,763,352,1
908,1,762,351,1
909,1,763,352,1
910,1,762,352,1
911,1,762,352,1
912,1,763,352,1
913,1,764,351,1
914,1,765,351,1
915,1,764,351,1
916,1,764,352,1
917,1,765,352,1
918,1,765,352,1
919,1,766,353,1
920,1,768,353,1
921,1,770,354,1
922,1,771,354,1
923,1,771,354,1
924,1,772,354,1
925,1,771,353,1
926,1,771,353,1
927,1,773,353,1
928,1,774,353,1
929,1,772,354,1
930,1,772,354,1
931,1,771,354,1
932,1,771,354,1
933,1,770,354,1
934,1,768,354,1
935,1,767,354,1
936,1,767,354,1
937,1,767,355,1
938,1,768,354,1
939,1,770,353,1
940,1,771,351,1
941,1,772,349,1
942,1,771,343,1
943,1,771,336,1
944,1,772,329,1
945,1,771,324,1
946,1,768,319,1
947,1,763,317,1
948,1,761,315,1
949,1,758,315,1
950,1,756,314,1
951,1,753,314,1
952,1,751,315,1
953,1,748,315,1
954,1,744,315,1
955,1,742,315,1
956,1,741,315,1
957,1,741,315,1
958,1,741,315,1
959,1,742,314,1
960,1,743,313,1
961,1,744,312,1
962,1,746,311,1
963,1,746,310,1
964,1,748,309,1
965,1,749,309,1
966,1,749,308,1
967,1,750,308,1
968,1,750,308,1
969,1,751,309,1
970,1,752,311,1
971,1,753,313,1
972,1,754,315,1
973,1,756,315,1
974,1,757,313,1
975,1,759,314,1
976,1,760,315,1
977,1,762,315,1
978,1,764,314,1
979,1,767,314,1
980,1,769,315,1
981,1,773,314,1
982,1,776,314,1
983,1,781,314,1
984,1,787,314,1
985,1,789,314,1
986,1,791,313,1
987,1,792,313,1
988,1,794,314,1
989,1,796,316,1
990,1,798,316,1
991,1,799,316,1
992,1,802,317,1
993,1,805,318,1
994,1,806,321,1
995,1,806,325,1
996,1,806,329,1
997,1,805,333,1
998,1,804,336,1
999,1,803,338,1
1000,1,805,339,1
1001,1,806,338,1
1002,1,808,338,1
1003,1,810,338,1
1004,1,811,338,1
1005,1,812,338,1
1006,1,812,338,1
1007,1,812,338,1
1008,1,811,338,1
1009,1,810,338,1
1010,1,809,338,1
1011,1,808,339,1
1012,1,807,339,1
1013,1,807,339,1
1014,1,807,339,1
1015,1,806,339,1
1016,1,806,339,1
1017,1,806,339,1
1018,1,804,339,1
1019,1,803,339,1
1020,1,805,339,1
1021,1,805,340,1
1022,1,805,340,1
1023,1,805,339,1
1024,1,805,339,1
1025,1,806,339,1
1026,1,806,339,1
1027,1,806,339,1
1028,1,806,339,1
1029,1,806,339,1
1030,1,807,339,1
1031,1,807,339,1
1032,1,807,338,1
1033,1,808,338,1
1034,1,810,338,1
1035,1,811,338,1
1036,1,811,338,1
1037,1,811,338,1
1038,1,810,338,1
1039,1,809,338,1
1040,1,809,338,1
1041,1,809,339,1
1042,1,808,339,1
1043,1,808,339,1
1044,1,809,338,1
1045,1,809,338,1
1046,1,809,338,1
1047,1,808,338,1
1048,1,808,338,1
1049,1,808,338,1
1050,1,808,338,1
1051,1,808,338,1
1052,1,808,338,1
1053,1,808,338,1
1054,1,808,338,1
1055,1,808,338,1
1056,1,808,338,1
1057,1,807,338,1
1058,1,807,338,1
1059,1,806,338,1
1060,1,806,338,1
1061,1,806,338,1
1062,1,805,339,1
1063,1,804,339,1
1064,1,804,339,1
1065,1,806,338,1
1066,1,806,338,1
1067,1,805,338,1
1068,1,804,338,1
1069,1,804,338,1
1070,1,804,338,1
1071,1,805,338,1
1072,1,805,338,1
1073,1,805,338,1
1074,1,806,338,1
1075,1,806,338,1
1076,1,807,338,1
1077,1,807,337,1
1078,1,808,337,1
1079,1,808,338,1
1080,1,808,338,1
1081,1,807,339,1
1082,1,807,339,1
1083,1,807,338,1
1084,1,806,338,1
1085,1,805,338,1
1086,1,805,338,1
1087,1,803,338,1
1088,1,803,339,1
1089,1,803,339,1
1090,1,803,339,1
1091,1,804,339,1
1092,1,804,339,1
1093,1,805,338,1
1094,1,805,337,1
1095,1,806,337,1
1096,1,807,337,1
1097,1,807,337,1
1098,1,808,336,1
1099,1,810,335,1
1100,1,811,331,1
1101,1,813,329,1
1102,1,814,332,1
1103,1,816,333,1
1104,1,818,333,1
1105,1,819,333,1
1106,1,821,332,1
1107,1,822,330,1
1108,1,823,330,1
1109,1,824,331,1
1110,1,825,331,1
1111,1,825,330,1
1112,1,825,329,1
1113,1,826,328,1
1114,1,825,326,1
1115,1,825,323,1
1116,1,826,321,1
1117,1,825,319,1
1118,1,826,317,1
1119,1,825,317,1
1120,1,826,316,1
1121,1,824,316,1
1122,1,826,317,1
1123,1,824,316,1
1124,1,822,316,1
1125,1,820,316,1
1126,1,818,316,1
1127,1,817,317,1
1128,1,816,316,1
1129,1,816,316,1
1130,1,815,315,1
1131,1,815,315,1
1132,1,814,315,1
1133,1,812,315,1
1134,1,810,314,1
1135,1,804,314,1
1136,1,798,313,1
1137,1,796,313,1
1138,1,797,312,1
1139,1,795,311,1
1140,1,794,310,1
1141,1,794,309,1
1142,1,795,309,1
1143,1,799,308,1
1144,1,800,309,1
1145,1,801,309,1
1146,1,800,307,1
1147,1,802,306,1
1148,1,803,305,1
1149,1,803,305,1
1150,1,805,306,1
1151,1,806,306,1
1152,1,808,306,1
1153,1,810,305,1
1154,1,810,307,1
1155,1,808,308,1
1156,1,807,309,1
1157,1,810,310,1
1158,1,810,310,1
1159,1,811,310,1
1160,1,812,310,1
1161,1,813,310,1
1162,1,814,309,1
1163,1,815,310,1
1164,1,818,311,1
1165,1,822,311,1
1166,1,822,313,1
1167,1,823,313,1
1168,1,828,313,1
1169,1,830,316,1
1170,1,832,322,1
1171,1,835,325,1
1172,1,836,331,1
1173,1,835,334,1
1174,1,832,344,1
1175,1,831,351,1
1176,1,830,356,1
1177,1,831,335,1
1178,1,832,342,1
1179,1,833,349,1
1180,1,835,351,1
1181,1,838,347,1
1182,1,836,353,1
1183,1,835,355,1
1184,1,832,356,1
1185,1,830,357,1
1186,1,828,358,1
1187,1,825,356,1
1188,1,822,355,1
1189,1,819,357,1
1190,1,816,359,1
1191,1,812,361,1
1192,1,806,363,1
1193,1,802,367,1
1194,1,800,370,1
1195,1,799,371,1
1196,1,799,371,1
1197,1,797,371,1
1198,1,795,372,1
1199,1,795,372,1
1200,1,794,372,1
1201,1,792,372,1
1202,1,790,373,1
1203,1,788,378,1
1204,1,785,387,1
1205,1,784,397,1
1206,1,782,390,1
1207,1,782,415,1
1208,1,779,427,1
1209,1,777,433,1
1210,1,776,440,1
1211,1,776,442,1
1212,1,776,444,1
1213,1,777,444,1
1214,1,776,444,1
1215,1,775,444,1
1216,1,774,444,1
1217,1,771,429,1
1218,1,771,416,1
1219,1,771,425,1
1220,1,770,435,1
1221,1,766,439,1
1222,1,761,441,1
1223,1,756,444,1
1224,1,754,445,1
1225,1,753,447,1
1226,1,750,447,1
1227,1,746,448,1
1228,1,744,448,1
1229,1,745,448,1
1230,1,742,449,1
1231,1,740,451,1
1232,1,739,450,1
1233,1,736,449,1
1234,1,734,449,1
1235,1,733,451,1
1236,1,730,454,1
1237,1,728,461,1
1238,1,727,468,1
1239,1,725,476,1
1240,1,725,484,1
1241,1,724,493,1
1242,1,725,495,1
1243,1,726,496,1
1244,1,725,496,1
1245,1,726,496,1
1246,1,728,497,1
1247,1,729,497,1
1248,1,729,497,1
1249,1,730,498,1
1250,1,730,498,1
1251,1,730,498,1
1252,1,728,498,1
1253,1,727,498,1
1254,1,727,497,1
1255,1,727,497,1
1256,1,727,497,1
1257,1,726,497,1
1258,1,725,496,1
1259,1,724,496,1
1260,1,724,495,1
1261,1,724,495,1
1262,1,723,494,1
1263,1,723,495,1
1264,1,723,494,1
1265,1,724,493,1
1266,1,724,493,1
1267,1,724,492,1
1268,1,725,493,1
1269,1,725,494,1
1270,1,726,495,1
1271,1,727,496,1
1272,1,727,497,1
1273,1,732,497,1
1274,1,735,497,1
1275,1,736,497,1
1276,1,735,497,1
1277,1,735,498,1
1278,1,735,498,1
1279,1,738,498,1
1280,1,740,497,1
1281,1,744,496,1
1282,1,747,496,1
1283,1,750,495,1
1284,1,751,495,1
1285,1,752,491,1
1286,1,754,485,1
1287,1,755,478,1
1288,1,756,471,1
1289,1,758,462,1
1290,1,759,454,1
1291,1,761,450,1
1292,1,764,449,1
1293,1,766,449,1
1294,1,768,450,1
1295,1,769,451,1
1296,1,769,451,1
1297,1,769,450,1
1298,1,769,446,1
1299,1,769,441,1
1300,1,768,431,1
1301,1,768,422,1
1302,1,768,414,1
1303,1,768,405,1
1304,1,766,399,1
1305,1,767,394,1
1306,1,765,392,1
1307,1,764,388,1
1308,1,765,393,1
1309,1,769,394,1
1310,1,772,393,1
1311,1,774,393,1
1312,1,775,394,1
1313,1,776,389,1
1314,1,779,382,1
1315,1,783,369,1
1316,1,788,356,1
1317,1,792,348,1
1318,1,796,345,1
1319,1,798,343,1
1320,1,801,343,1
1321,1,803,343,1
1322,1,805,343,1
1323,1,805,343,1
1324,1,805,343,1
1325,1,805,342,1
1326,1,804,341,1
1327,1,805,342,1
1328,1,804,338,1
1329,1,804,330,1
1330,1,804,321,1
1331,1,803,310,1
1332,1,804,298,1
1333,1,803,294,1
1334,1,803,291,1
1335,1,803,289,1
1336,1,802,289,1
1337,1,801,289,1
1338,1,801,289,1
1339,1,801,289,1
1340,1,801,289,1
1341,1,801,289,1
1342,1,800,289,1
1343,1,799,290,1
1344,1,795,290,1
1345,1,793,291,1
1346,1,791,291,1
1347,1,786,289,1
1348,1,784,288,1
1349,1,789,288,1
1350,1,795,287,1
1351,1,798,286,1
1352,1,795,285,1
1353,1,796,284,1
1354,1,785,283,1
1355,1,780,282,1
1356,1,778,282,1
1357,1,777,283,1
1358,1,777,284,1
1359,1,777,283,1
1360,1,777,283,1
1361,1,777,283,1
1362,1,777,283,1
1363,1,776,282,1
1364,1,776,281,1
1365,1,776,280,1
1366,1,777,280,1
1367,1,776,280,1
1368,1,776,280,1
1369,1,776,280,1
1370,1,776,280,1
1371,1,776,280,1
1372,1,776,280,1
1373,1,776,280,1
1374,1,776,280,1
1375,1,776,280,1
1376,1,775,280,1
1377,1,776,280,1
1378,1,776,280,1
1379,1,776,280,1
1380,1,775,280,1
1381,1,775,280,1
1382,1,775,280,1
1383,1,774,280,1
1384,1,774,280,1
1385,1,774,280,1
1386,1,774,280,1
1387,1,774,280,1
1388,1,774,280,1
1389,1,775,279,1
1390,1,776,279,1
1391,1,776,278,1
1392,1,777,278,1
1393,1,778,278,1
1406,1,790,278,1
1419,1,794,278,1
1420,1,794,278,1
1423,1,794,277,1
1424,1,794,277,1
1425,1,793,277,1
1426,1,793,276,1
1427,1,793,276,1
1428,1,793,276,1
1429,1,793,275,1
1430,1,793,275,1
1431,1,793,276,1
1432,1,793,276,1
1433,1,793,276,1
1434,1,793,276,1
1435,1,794,277,1
1436,1,793,277,1
1437,1,793,277,1
1438,1,794,277,1
1439,1,793,276,1
1440,1,794,277,1
1441,1,794,277,1
1442,1,794,277,1
1443,1,794,277,1
1448,1,791,278,1
1452,1,794,280,1
1453,1,791,279,1
1454,1,790,278,1
1455,1,789,280,1
1457,1,788,278,1
1458,1,788,277,1
1459,1,788,277,1
1460,1,788,277,1
1461,1,788,277,1
1462,1,789,277,1
1463,1,789,277,1
1464,1,788,277,1
1465,1,788,277,1
1466,1,788,277,1
1467,1,787,277,1
1468,1,787,277,1
1469,1,788,277,1
1470,1,790,277,1
1471,1,792,279,1
1472,1,791,278,1
1473,1,789,278,1
1474,1,787,279,1
1475,1,786,279,1
1478,1,784,279,1
1479,1,784,279,1
1480,1,784,279,1
1482,1,784,279,1
1483,1,784,278,1
1484,1,784,278,1
1485,1,784,278,1
1486,1,784,278,1
1487,1,785,278,1
1488,1,785,278,1
1489,1,785,278,1
1490,1,785,278,1
1491,1,785,278,1
1492,1,785,278,1
1493,1,785,278,1
1494,1,785,278,1
1495,1,785,278,1
1496,1,785,278,1
1497,1,785,278,1
1498,1,784,278,1
1499,1,784,278,1
1500,1,785,279,1
1501,1,785,279,1
1502,1,785,279,1
1503,1,786,277,1
1504,1,786,277,1
1505,1,786,277,1
1506,1,787,278,1
1507,1,787,278,1
1508,1,788,280,1
1509,1,791,280,1
1510,1,792,279,1
1511,1,793,280,1
1512,1,795,282,1
1513,1,797,284,1
1514,1,798,285,1
1515,1,801,286,1
1516,1,802,288,1
1517,1,804,288,1
1518,1,804,286,1
1519,1,806,286,1
1520,1,806,285,1
1521,1,807,284,1
1522,1,808,283,1
1523,1,808,285,1
1524,1,807,287,1
1525,1,807,290,1
1526,1,807,293,1
1527,1,806,296,1
1528,1,806,297,1
1529,1,805,298,1
1530,1,805,298,1
1531,1,805,298,1
1532,1,804,298,1
1533,1,803,298,1
1534,1,802,298,1
1535,1,801,298,1
1536,1,800,297,1
1537,1,799,297,1
1538,1,799,296,1
1539,1,799,296,1
1540,1,799,296,1
1541,1,800,296,1
1542,1,800,295,1
1543,1,802,296,1
1544,1,802,296,1
1545,1,801,296,1
1546,1,801,295,1
1547,1,801,296,1
1548,1,799,296,1
1549,1,798,296,1
1550,1,795,296,1
1551,1,795,296,1
1552,1,794,297,1
1553,1,793,297,1
1554,1,793,297,1
1555,1,793,297,1
1556,1,794,297,1
1557,1,794,297,1
1558,1,793,297,1
1559,1,792,297,1
1560,1,792,297,1
1561,1,793,297,1
1562,1,793,297,1
1563,1,793,297,1
1564,1,796,296,1
1565,1,798,296,1
1566,1,803,296,1
1567,1,805,296,1
1568,1,805,297,1
1569,1,806,297,1
1570,1,805,297,1
1571,1,800,297,1
1572,1,798,297,1
1573,1,802,297,1
1574,1,796,298,1
1575,1,794,298,1
1576,1,801,298,1
1577,1,804,299,1
1578,1,798,301,1
1579,1,793,302,1
1580,1,787,303,1
1581,1,785,303,1
1582,1,783,303,1
1583,1,783,303,1
1584,1,782,303,1
1585,1,780,303,1
1586,1,779,303,1
1587,1,777,303,1
1588,1,776,304,1
1589,1,776,304,1
1590,1,776,305,1
1591,1,775,305,1
1592,1,780,306,1
1593,1,777,308,1
1594,1,780,310,1
1595,1,786,312,1
1596,1,791,316,1
1597,1,780,319,1
1598,1,775,321,1
1599,1,774,322,1
1600,1,764,326,1
1601,1,760,327,1
1602,1,759,328,1
1603,1,754,329,1
1604,1,760,329,1
1605,1,764,329,1
1606,1,768,329,1
1607,1,772,329,1
1608,1,774,328,1
1609,1,775,326,1
1610,1,775,326,1
1611,1,774,325,1
1612,1,773,326,1
1613,1,772,326,1
1614,1,773,326,1
1615,1,772,326,1
1616,1,772,327,1
1617,1,772,327,1
1618,1,772,326,1
1619,1,772,326,1
1620,1,772,327,1
1621,1,771,328,1
1622,1,771,327,1
1623,1,772,327,1
1624,1,771,327,1
1625,1,770,327,1
1626,1,769,327,1
1627,1,769,327,1
1628,1,768,326,1
1629,1,769,326,1
1630,1,768,325,1
1631,1,768,324,1
1632,1,768,324,1
1633,1,769,324,1
1634,1,767,325,1
1635,1,767,325,1
1636,1,766,325,1
1637,1,766,326,1
1638,1,767,324,1
1639,1,767,325,1
1640,1,766,327,1
1641,1,764,328,1
1642,1,762,327,1
1643,1,760,329,1
1644,1,759,327,1
1645,1,758,327,1
1646,1,757,330,1
1647,1,758,319,1
1648,1,756,327,1
1649,1,756,329,1
1650,1,756,331,1
1651,1,756,332,1
1652,1,758,331,1
1653,1,760,330,1
1654,1,762,330,1
1655,1,762,330,1
1656,1,762,330,1
1657,1,762,330,1
1658,1,762,330,1
1659,1,762,331,1
1660,1,761,332,1
1661,1,759,333,1
1662,1,757,334,1
1663,1,756,334,1
1664,1,752,336,1
1665,1,743,337,1
1666,1,737,337,1
1667,1,733,337,1
1668,1,729,339,1
1669,1,727,339,1
1670,1,723,339,1
1671,1,721,339,1
1672,1,718,339,1
1673,1,715,340,1
1674,1,713,340,1
1675,1,712,342,1
1676,1,712,344,1
1677,1,713,347,1
1678,1,714,349,1
1679,1,716,353,1
1680,1,718,355,1
1681,1,719,357,1
1682,1,721,360,1
1683,1,722,362,1
1684,1,724,364,1
1685,1,726,366,1
1686,1,728,368,1
1687,1,731,370,1
1688,1,734,372,1
1689,1,736,374,1
1690,1,737,375,1
1691,1,739,376,1
1692,1,741,377,1
1693,1,744,378,1
1694,1,747,380,1
1695,1,749,380,1
1696,1,752,363,1
1697,1,754,355,1
1698,1,756,354,1
1699,1,757,353,1
1700,1,760,353,1
1701,1,761,372,1
1702,1,764,366,1
1703,1,765,377,1
1704,1,765,381,1
1705,1,765,381,1
1706,1,764,382,1
1707,1,764,384,1
1708,1,763,385,1
1709,1,762,387,1
1710,1,761,392,1
1711,1,761,396,1
1712,1,759,399,1
1713,1,759,400,1
1714,1,759,400,1
1715,1,759,400,1
1716,1,759,399,1
1717,1,760,399,1
1718,1,760,399,1
1719,1,761,402,1
1720,1,763,409,1
1721,1,765,418,1
1722,1,766,428,1
1723,1,767,436,1
1724,1,769,446,1
1725,1,771,454,1
1726,1,773,462,1
1727,1,775,461,1
1728,1,777,463,1
1729,1,781,461,1
1730,1,784,457,1
1731,1,788,455,1
1732,1,793,455,1
1733,1,799,457,1
1734,1,804,461,1
1735,1,803,461,1
1736,1,806,429,1
1737,1,805,427,1
1748,1,818,398,1
1749,1,818,413,1
1750,1,818,428,1
1751,1,818,432,1
1752,1,817,435,1
1753,1,817,439,1
1754,1,820,442,1
1755,1,827,443,1
1756,1,824,443,1
1757,1,820,441,1
1758,1,820,441,1
1759,1,820,440,1
1760,1,819,439,1
1761,1,819,439,1
1762,1,818,438,1
1763,1,818,438,1
1764,1,817,437,1
1765,1,818,438,1
1766,1,818,439,1
1767,1,818,438,1
1768,1,818,438,1
1769,1,818,438,1
1770,1,817,437,1
1771,1,816,437,1
1773,1,814,438,1
1774,1,811,437,1
1775,1,806,437,1
1776,1,805,437,1
1777,1,804,435,1
1778,1,804,435,1
1779,1,801,436,1
1780,1,802,437,1
1781,1,802,434,1
1782,1,804,436,1
1783,1,803,434,1
1784,1,802,436,1
1785,1,802,445,1
1786,1,801,446,1
1788,1,797,437,1
1789,1,794,427,1
1790,1,789,431,1
1791,1,780,432,1
1792,1,773,428,1
1793,1,768,426,1
1794,1,765,424,1
1795,1,765,424,1
1796,1,764,424,1
1797,1,761,424,1
1798,1,760,424,1
1799,1,759,425,1
1800,1,758,426,1
1801,1,757,426,1
1802,1,756,427,1
1803,1,754,427,1
1804,1,754,427,1
1805,1,752,427,1
1806,1,750,426,1
1807,1,749,426,1
1808,1,748,426,1
1809,1,746,426,1
1810,1,747,427,1
1811,1,747,427,1
1812,1,747,427,1
1813,1,746,428,1
1814,1,747,428,1
1815,1,749,428,1
1816,1,749,428,1
1817,1,751,428,1
1818,1,751,427,1
1819,1,752,427,1
1820,1,754,427,1
1821,1,755,428,1
1822,1,757,427,1
1823,1,757,425,1
1824,1,758,424,1
1825,1,759,424,1
1826,1,759,424,1
1827,1,760,424,1
1828,1,759,423,1
1829,1,760,423,1
1830,1,760,422,1
1831,1,759,422,1
1832,1,759,422,1
1833,1,759,422,1
1834,1,759,422,1
1835,1,759,422,1
1836,1,759,421,1
1837,1,759,421,1
1838,1,760,421,1
1839,1,760,421,1
1840,1,760,421,1
1841,1,761,421,1
1842,1,762,421,1
1843,1,762,421,1
1844,1,762,422,1
1845,1,762,422,1
1846,1,762,422,1
1847,1,762,422,1
1848,1,763,422,1
1849,1,763,422,1
1850,1,763,421,1
1851,1,762,421,1
1852,1,762,421,1
1853,1,762,421,1
1854,1,762,421,1
1855,1,762,421,1
1856,1,762,422,1
1857,1,762,422,1
1858,1,762,422,1
1859,1,762,422,1
1860,1,762,421,1
1861,1,762,421,1
1862,1,763,420,1
1863,1,764,418,1
1864,1,765,415,1
1865,1,765,414,1
1866,1,766,413,1
1867,1,765,412,1
1868,1,765,412,1
1869,1,765,411,1
1870,1,766,412,1
1871,1,765,412,1
1872,1,765,414,1
1873,1,763,414,1
1874,1,762,415,1
1875,1,760,415,1
1876,1,757,416,1
1877,1,756,416,1
1878,1,755,416,1
1879,1,754,416,1
1880,1,753,416,1
1881,1,753,417,1
1882,1,753,416,1
1883,1,753,417,1
1884,1,753,417,1
1885,1,753,417,1
1886,1,753,417,1
1887,1,753,417,1
1888,1,754,417,1
1889,1,755,417,1
1890,1,755,417,1
1891,1,754,417,1
1892,1,754,418,1
1893,1,755,418,1
1894,1,756,418,1
1895,1,757,418,1
1896,1,757,418,1
1897,1,758,418,1
1898,1,760,418,1
1899,1,761,418,1
1900,1,761,417,1
1901,1,762,417,1
1902,1,764,417,1
1903,1,766,417,1
1904,1,768,417,1
1905,1,769,417,1
1906,1,770,418,1
1907,1,772,418,1
1908,1,773,417,1
1909,1,775,416,1
1910,1,777,414,1
1911,1,781,408,1
1912,1,785,401,1
1913,1,789,396,1
1914,1,792,390,1
1915,1,795,384,1
1916,1,798,381,1
1917,1,799,379,1
1918,1,801,380,1
1919,1,802,380,1
1920,1,803,380,1
1921,1,803,381,1
1922,1,803,381,1
1923,1,804,381,1
1924,1,803,381,1
1925,1,803,379,1
1926,1,804,377,1
1927,1,804,371,1
1928,1,803,364,1
1929,1,802,355,1
1930,1,802,345,1
1931,1,802,336,1
1932,1,802,329,1
1933,1,802,324,1
1934,1,802,321,1
1935,1,803,321,1
1936,1,803,321,1
1937,1,804,322,1
1938,1,805,323,1
1939,1,808,322,1
1940,1,810,320,1
1941,1,812,313,1
1942,1,814,303,1
1943,1,818,294,1
1944,1,821,290,1
1945,1,823,287,1
1946,1,825,288,1
1947,1,827,289,1
1948,1,827,289,1
1949,1,827,289,1
1950,1,826,288,1
1951,1,825,287,1
1952,1,825,287,1
1953,1,828,287,1
1954,1,829,287,1
1955,1,827,283,1
1956,1,826,277,1
1957,1,825,261,1
1958,1,825,253,1
1959,1,820,250,1
1960,1,820,248,1
1961,1,820,247,1
1962,1,818,247,1
1963,1,809,246,1
1964,1,804,246,1
1965,1,802,246,1
1966,1,799,248,1
1967,1,807,247,1
1968,1,808,247,1
1969,1,801,247,1
1970,1,797,246,1
1971,1,796,247,1
1972,1,810,246,1
1973,1,814,246,1
1974,1,818,247,1
1975,1,802,247,1
1976,1,797,247,1
1977,1,803,246,1
1978,1,801,245,1
1979,1,802,244,1
1980,1,801,244,1
1981,1,802,245,1
1982,1,805,245,1
1985,1,807,244,1
1986,1,805,243,1
1987,1,807,242,1
1988,1,809,241,1
1989,1,811,241,1
1990,1,811,241,1
1991,1,810,241,1
1992,1,811,241,1
1993,1,811,241,1
1994,1,808,241,1
1995,1,806,242,1
1996,1,804,242,1
1997,1,803,242,1
1998,1,801,242,1
1999,1,801,242,1
2000,1,800,241,1
2001,1,799,241,1
2002,1,799,241,1
2003,1,799,241,1
2004,1,799,241,1
2005,1,800,241,1
2006,1,801,241,1
2007,1,802,240,1
2008,1,799,240,1
2009,1,797,240,1
2010,1,799,240,1
2011,1,797,240,1
2012,1,796,240,1
2013,1,794,241,1
2014,1,795,241,1
2015,1,794,241,1
2016,1,795,241,1
2017,1,795,241,1
2018,1,795,241,1
2019,1,795,241,1
2020,1,796,241,1
2021,1,796,241,1
2022,1,796,240,1
2023,1,797,240,1
2024,1,798,240,1
2025,1,801,240,1
2026,1,801,240,1
2027,1,805,240,1
2059,1,807,270,1
2060,1,807,269,1
2061,1,807,269,1
2062,1,806,269,1
2063,1,803,270,1
2064,1,800,270,1
2065,1,797,269,1
2066,1,796,270,1
2067,1,801,272,1
2068,1,806,272,1
2069,1,808,271,1
2070,1,809,272,1
2071,1,808,271,1
2072,1,808,271,1
2073,1,809,270,1
2074,1,809,272,1
2075,1,809,272,1
2076,1,809,271,1
2077,1,809,271,1
2078,1,809,272,1
2079,1,809,273,1
2080,1,810,274,1
2081,1,811,274,1
2082,1,811,274,1
2083,1,812,273,1
2084,1,813,270,1
2085,1,799,270,1
2086,1,807,270,1
2091,9,796,270,1
2092,9,796,270,1
2093,9,799,269,1
2100,9,819,267,1
2101,9,820,267,1
2104,9,824,283,1
2107,9,825,293,1
2108,9,826,295,1
2109,9,826,296,1
2110,9,827,297,1
2111,9,827,300,1
2112,9,827,301,1
2113,9,827,303,1
2114,9,826,304,1
2115,9,828,305,1
2116,9,828,305,1
2117,9,829,305,1
2118,9,827,303,1
2119,9,829,304,1
2120,9,831,302,1
2121,9,831,304,1
2122,9,833,303,1
2123,9,833,293,1
2124,9,833,291,1
2125,9,833,295,1
2126,9,832,307,1
2127,9,828,318,1
2128,9,825,328,1
2129,9,824,337,1
2130,9,823,346,1
2131,9,823,350,1
2132,9,821,352,1
2133,9,819,353,1
2134,9,818,354,1
2135,9,817,353,1
2136,9,815,351,1
2137,9,813,354,1
2138,9,814,366,1
2139,9,815,380,1
2140,9,805,397,1
2150,9,783,429,1
2151,9,781,439,1
2152,9,778,454,1
2153,9,776,466,1
2154,9,776,476,1
2156,9,770,487,1
2157,9,768,492,1
2158,9,767,493,1
2159,9,768,493,1
2160,9,769,492,1
2161,9,769,491,1
2162,9,767,497,1
2163,9,763,515,1
2164,9,766,532,1
2165,9,767,552,1
2166,9,769,564,1
2167,9,771,569,1
2168,9,770,573,1
2169,9,769,593,1
2179,9,800,643,1
2180,12,110,643,2
2181,12,111,600,2
2182,12,111,630,2
2182,9,816,707,1
2183,12,111,608,2
2183,9,821,717,1
2184,9,835,719,1
2185,9,839,720,1
2186,9,847,718,1
2187,9,850,715,1
2188,9,851,713,1
2189,9,852,714,1
2190,9,853,715,1
2191,9,852,710,1
2192,9,854,713,1
2193,9,855,717,1
2194,9,855,718,1
2195,9,855,719,1
2196,9,856,719,1
2197,9,859,719,1
2198,9,863,719,1
2199,9,867,719,1
2200,9,874,718,1
2201,9,879,717,1
2202,9,883,719,1
2202,12,90,632,2
2203,9,887,720,1
2203,12,90,633,2
2204,9,889,719,1
2204,12,89,633,2
2205,9,891,720,1
2205,12,88,632,2
2206,9,893,719,1
2207,9,894,719,1
2208,9,894,718,1
2208,12,92,631,2
2209,9,893,718,1
2209,12,94,632,2
2210,9,893,715,1
2210,12,95,634,2
2211,9,893,715,1
2211,12,98,630,2
2212,9,892,715,1
2212,12,100,628,2
2213,9,892,715,1
2213,12,101,626,2
2214,9,892,715,1
2214,12,98,631,2
2215,9,891,715,1
2216,9,885,714,1
2217,9,879,714,1
2217,12,95,628,2
2218,9,873,715,1
2218,12,95,629,2
2219,9,866,716,1
2220,9,860,715,1
2220,12,95,658,2
2221,9,855,715,1
2222,9,851,715,1
2223,9,848,710,1
2224,9,843,707,1
2225,9,842,703,1
2226,9,841,702,1
2227,9,834,700,1
2227,12,98,628,2
2228,9,827,688,1
2228,12,112,576,2
2229,9,822,683,1
2229,12,119,553,2
2230,9,817,683,1
2230,12,124,543,2
2231,9,813,670,1
2231,12,129,525,2
2232,9,809,678,1
2232,12,134,531,2
2233,9,804,689,1
2233,12,138,509,2
2234,9,800,690,1
2234,12,144,507,2
2235,9,796,690,1
2236,9,792,684,1
2236,12,154,520,2
2237,9,791,671,1
2237,12,156,526,2
2238,9,785,663,1
2238,12,157,531,2
2239,9,782,659,1
2239,12,158,518,2
2240,9,782,654,1
2240,12,161,504,2
2241,9,780,647,1
2241,12,175,496,2
2242,9,778,635,1
2242,12,184,490,2
2243,9,776,625,1
2243,12,194,488,2
2244,9,774,614,1
2244,12,199,489,2
2245,9,771,598,1
2245,12,193,484,2
2246,9,768,582,1
2246,12,192,480,2
2247,9,766,565,1
2247,12,190,485,2
2248,9,763,558,1
2248,12,190,490,2
2249,9,763,557,1
2249,12,193,486,2
2250,9,759,557,1
2250,12,195,475,2
2251,9,757,556,1
2251,12,197,467,2
2252,9,756,556,1
2252,12,200,458,2
2253,9,755,557,1
2253,12,204,454,2
2254,9,752,557,1
2254,12,208,440,2
2255,9,750,554,1
2255,12,213,432,2
2256,9,748,546,1
2256,12,220,440,2
2257,9,747,535,1
2257,12,227,436,2
2258,9,746,517,1
2258,12,231,437,2
2259,9,745,498,1
2259,12,248,438,2
2260,9,745,482,1
2260,12,255,439,2
2261,9,745,472,1
2261,12,262,439,2
2262,9,745,468,1
2262,12,263,438,2
2263,9,745,467,1
2263,12,263,436,2
2264,9,747,468,1
2264,12,261,438,2
2265,9,747,467,1
2266,9,747,467,1
2267,9,749,467,1
2268,9,750,466,1
2269,9,750,466,1
2269,12,285,343,2
2270,9,751,461,1
2270,12,288,336,2
2271,9,751,450,1
2271,12,292,332,2
2272,9,754,434,1
2272,12,295,328,2
2273,9,756,421,1
2274,9,759,408,1
2275,9,758,402,1
2276,9,760,400,1
2277,9,749,399,1
2278,9,745,398,1
2279,9,743,399,1
2280,9,756,399,1
2281,9,761,399,1
2282,9,765,399,1
2283,9,768,399,1
2284,9,746,397,1
2285,9,739,394,1
2286,9,734,387,1
2287,9,732,379,1
2287,12,362,257,2
2288,9,731,369,1
2288,12,366,258,2
2289,9,730,361,1
2289,12,370,259,2
2290,9,731,355,1
2290,12,372,259,2
2291,9,731,349,1
2291,12,372,259,2
2292,9,730,345,1
2292,12,373,257,2
2293,9,727,342,1
2294,9,724,340,1
2295,9,725,340,1
2296,9,727,341,1
2296,12,374,258,2
2297,9,729,341,1
2297,12,371,261,2
2298,9,731,342,1
2298,12,369,262,2
2299,9,733,342,1
2299,12,367,263,2
2300,9,735,341,1
2300,12,365,264,2
2301,9,736,341,1
2301,12,363,261,2
2302,9,735,340,1
2302,12,361,259,2
2303,9,737,340,1
2303,12,359,259,2
2304,9,737,340,1
2304,12,359,258,2
2305,9,737,340,1
2305,12,358,257,2
2306,9,736,339,1
2306,12,359,256,2
2307,9,737,339,1
2307,12,361,258,2
2308,9,737,339,1
2309,9,739,339,1
2310,9,738,339,1
2311,9,737,338,1
2312,9,737,338,1
2313,9,736,338,1
2313,12,376,260,2
2314,9,736,339,1
2314,12,378,261,2
2315,9,736,338,1
2315,12,382,265,2
2316,9,735,339,1
2316,12,381,265,2
2317,9,735,338,1
2317,12,381,267,2
2318,9,735,338,1
2318,12,382,269,2
2319,9,734,339,1
2319,12,381,270,2
2320,9,734,338,1
2320,12,381,276,2
2321,9,733,337,1
2322,9,734,336,1
2322,12,380,295,2
2323,9,735,335,1
2323,12,375,287,2
2324,9,735,336,1
2324,12,372,283,2
2325,9,735,336,1
2325,12,369,284,2
2326,9,735,335,1
2327,9,735,336,1
2328,9,734,336,1
2329,9,734,336,1
2330,9,734,337,1
2331,9,733,337,1
2332,9,732,339,1
2333,9,732,340,1
2334,9,731,341,1
2335,9,730,342,1
2335,12,326,281,2
2336,9,728,342,1
2336,12,322,288,2
2337,9,727,342,1
2337,12,318,293,2
2338,9,725,342,1
2338,12,313,289,2
2339,9,723,343,1
2339,12,306,288,2
2340,9,721,342,1
2340,12,299,287,2
2341,9,720,343,1
2341,12,292,283,2
2342,9,719,344,1
2342,12,287,279,2
2343,9,719,343,1
2343,12,283,281,2
2344,9,718,343,1
2344,12,279,282,2
2345,9,718,342,1
2345,12,274,280,2
2346,9,717,340,1
2346,12,269,280,2
2347,9,716,339,1
2347,12,265,277,2
2348,9,715,340,1
2348,12,261,277,2
2349,9,715,340,1
2349,12,256,277,2
2350,9,716,341,1
2350,12,252,277,2
2351,9,718,341,1
2351,12,247,281,2
2352,9,719,339,1
2353,9,720,339,1
2353,12,232,343,2
2354,9,719,339,1
2354,12,227,315,2
2355,9,714,340,1
2355,12,217,355,2
2356,9,713,339,1
2357,9,712,340,1
2358,9,712,340,1
2359,9,712,340,1
2360,9,709,341,1
2361,9,707,341,1
2362,9,706,340,1
2363,9,707,339,1
2364,9,707,340,1
2365,9,706,341,1
2366,9,708,343,1
2367,9,708,343,1
2368,9,711,346,1
2369,9,714,348,1
2370,9,715,352,1
2371,9,719,355,1
2372,9,724,358,1
2373,9,728,361,1
2374,9,730,369,1
2375,9,733,374,1
2376,9,736,378,1
2377,9,743,380,1
2377,12,98,466,2
2378,9,749,380,1
2378,12,92,485,2
2379,9,749,384,1
2379,12,85,492,2
2380,9,749,380,1
2381,9,753,386,1
2382,9,757,393,1
2383,9,761,396,1
2384,9,765,388,1
2385,9,769,388,1
2386,9,772,390,1
2387,9,778,380,1
2388,9,770,373,1
2389,9,767,376,1
2390,9,765,390,1
2391,9,764,399,1
2392,9,764,411,1
2393,9,761,428,1
2394,9,759,443,1
2395,9,758,455,1
2396,9,756,465,1
2397,9,754,470,1
2398,9,753,474,1
2399,9,752,478,1
2400,9,748,475,1
2401,9,748,473,1
2402,9,748,472,1
2403,9,749,479,1
2405,19,660,142,3
2405,9,751,523,1
2406,19,653,141,3
2407,19,647,148,3
2408,19,643,151,3
2408,9,757,562,1
2409,19,639,152,3
2409,9,760,570,1
2410,19,636,153,3
2410,9,762,573,1
2411,19,632,154,3
2412,19,629,155,3
2413,19,628,155,3
2414,19,626,154,3
2415,19,626,154,3
2416,19,622,154,3
2417,19,621,154,3
2418,19,617,154,3
2419,19,615,156,3
2419,9,833,709,1
2420,19,614,158,3
2420,9,825,714,1
2421,19,613,160,3
2421,9,831,718,1
2422,19,613,161,3
2422,9,830,719,1
2423,19,613,163,3
2423,9,836,719,1
2424,19,611,164,3
2424,9,841,720,1
2425,19,609,167,3
2425,9,844,720,1
2426,19,608,169,3
2427,19,606,171,3
2428,19,604,174,3
2429,19,601,177,3
2430,19,599,180,3
2431,19,596,183,3
2432,19,594,188,3
2433,19,590,193,3
2434,19,588,198,3
2435,19,585,203,3
2436,19,582,207,3
2437,19,579,210,3
2438,19,575,213,3
2439,19,571,216,3
2440,19,567,218,3
2441,19,563,220,3
2442,19,557,222,3
2443,19,552,225,3
2444,19,547,227,3
2445,19,542,230,3
2446,19,539,232,3
2447,19,536,232,3
2448,19,533,232,3
2449,19,530,231,3
2450,19,527,231,3
2451,19,524,231,3
2452,19,533,233,3
2452,21,238,364,2
2453,19,522,236,3
2453,21,239,367,2
2454,19,530,239,3
2454,21,243,386,2
2455,19,531,238,3
2455,21,247,403,2
2456,19,530,241,3
2456,21,250,411,2
2457,19,527,245,3
2457,21,253,412,2
2458,19,523,251,3
2458,21,257,412,2
2459,19,521,253,3
2459,21,263,411,2
2460,19,500,255,3
2460,21,269,410,2
2461,19,489,256,3
2461,21,274,410,2
2462,19,484,256,3
2462,21,287,411,2
2463,19,478,256,3
2463,21,294,412,2
2464,19,471,256,3
2464,21,300,412,2
2465,19,468,258,3
2465,21,307,413,2
2466,19,466,263,3
2466,21,310,416,2
2467,19,464,271,3
2467,21,310,417,2
2468,19,462,276,3
2468,21,309,418,2
2469,19,461,281,3
2469,21,311,417,2
2470,19,459,286,3
2471,19,455,291,3
2471,21,319,416,2
2472,19,449,297,3
2472,21,321,415,2
2473,19,446,301,3
2474,19,444,303,3
2475,19,442,303,3
2476,19,437,304,3
2477,19,433,306,3
2477,21,328,423,2
2478,19,429,307,3
2478,21,327,424,2
2479,19,424,308,3
2479,21,327,426,2
2480,19,418,308,3
2480,21,325,426,2
2481,19,413,308,3
2481,21,324,426,2
2482,19,409,309,3
2483,19,406,308,3
2483,21,319,427,2
2484,19,402,306,3
2484,21,316,427,2
2485,19,397,305,3
2485,21,315,427,2
2486,19,393,304,3
2486,21,314,428,2
2487,19,390,302,3
2488,19,388,302,3
2489,19,386,302,3
2490,19,384,302,3
2491,19,381,302,3
2492,19,380,303,3
2493,19,379,304,3
2494,19,378,305,3
2495,19,376,308,3
2496,19,373,309,3
2497,19,372,311,3
2498,19,371,314,3
2499,19,371,318,3
2500,19,370,323,3
2501,19,370,329,3
2503,19,369,333,3
2509,19,362,341,3
2520,19,330,368,3
2521,19,326,374,3
2522,19,323,381,3
2523,19,320,389,3
2524,19,317,394,3
2525,19,312,395,3
2526,19,308,396,3
2527,19,301,396,3
2528,19,297,395,3
2529,19,291,394,3
2530,19,285,390,3
2531,19,278,392,3
2532,19,270,393,3
2533,19,255,398,3
2534,19,247,414,3
2540,19,214,463,3
2584,22,474,718,1
2585,22,478,717,1
2586,22,478,715,1
2587,22,490,712,1
2588,22,497,711,1
2589,22,502,710,1
2590,22,510,710,1
2591,22,523,709,1
2592,22,533,705,1
2593,22,545,700,1
2594,22,554,690,1
2595,22,565,687,1
2596,22,573,679,1
2596,23,97,458,2
2597,22,582,669,1
2597,23,101,457,2
2598,22,590,660,1
2598,23,104,459,2
2599,22,597,656,1
2600,22,603,656,1
2601,22,609,655,1
2602,22,614,656,1
2603,22,617,656,1
2604,22,620,655,1
2605,22,624,655,1
2606,22,628,653,1
2607,22,630,651,1
2608,22,635,643,1
2609,22,642,630,1
2610,22,650,615,1
2611,22,658,599,1
2612,22,663,581,1
2613,22,670,562,1
2614,22,674,549,1
2615,22,676,543,1
2616,22,679,541,1
2616,23,165,505,2
2617,22,681,543,1
2617,23,170,506,2
2618,22,682,543,1
2618,23,173,507,2
2619,22,683,543,1
2620,22,685,544,1
2620,23,179,509,2
2621,22,687,543,1
2621,23,181,507,2
2622,22,689,537,1
2622,23,183,504,2
2623,22,692,527,1
2623,23,185,503,2
2624,22,697,518,1
2625,22,701,504,1
2626,22,703,492,1
2627,22,706,481,1
2627,23,193,509,2
2628,22,709,472,1
2628,23,196,510,2
2629,22,717,467,1
2629,23,200,507,2
2630,22,720,465,1
2630,23,205,507,2
2631,22,726,465,1
2632,22,729,465,1
2632,23,216,510,2
2633,22,730,466,1
2633,23,223,498,2
2634,22,730,467,1
2634,23,228,493,2
2635,22,728,467,1
2635,23,235,496,2
2636,22,727,467,1
2636,23,244,490,2
2637,22,725,467,1
2637,23,253,480,2
2638,22,720,467,1
2638,23,263,477,2
2639,22,717,467,1
2639,23,272,475,2
2640,22,713,466,1
2640,23,279,484,2
2641,22,711,465,1
2641,23,287,481,2
2642,22,707,464,1
2642,23,295,470,2
2643,22,690,463,1
2643,23,302,461,2
2644,22,684,462,1
2644,23,310,456,2
2645,22,682,460,1
2645,23,318,452,2
2646,22,678,461,1
2646,23,325,448,2
2647,22,674,459,1
2647,23,330,445,2
2648,22,671,457,1
2648,23,334,442,2
2649,22,669,455,1
2649,23,337,440,2
2650,22,668,452,1
2650,23,339,438,2
2651,22,668,450,1
2651,23,341,437,2
2652,22,668,449,1
2652,23,340,437,2
2653,22,667,448,1
2653,23,341,435,2
2654,22,669,448,1
2654,23,342,433,2
2655,22,669,448,1
2655,23,342,432,2
2656,22,669,448,1
2656,23,343,429,2
2657,22,668,449,1
2657,23,343,426,2
2658,22,668,448,1
2658,23,342,424,2
2659,22,668,447,1
2659,23,341,421,2
2660,22,667,448,1
2660,23,340,419,2
2661,22,667,448,1
2661,23,338,413,2
2662,22,668,449,1
2662,23,337,407,2
2663,22,668,449,1
2663,23,338,402,2
2664,22,669,449,1
2664,23,334,398,2
2665,22,669,449,1
2665,23,331,397,2
2666,22,669,448,1
2666,23,330,397,2
2667,22,672,448,1
2667,23,330,398,2
2668,22,674,448,1
2668,23,329,398,2
2669,22,678,449,1
2669,23,331,398,2
2670,22,679,448,1
2670,23,335,398,2
2671,22,685,445,1
2671,23,341,397,2
2672,22,688,443,1
2672,23,346,396,2
2673,22,690,440,1
2673,23,351,396,2
2674,22,694,439,1
2674,23,355,395,2
2675,22,698,438,1
2675,23,358,394,2
2676,22,706,439,1
2676,23,361,392,2
2677,22,708,438,1
2677,23,362,391,2
2678,22,712,437,1
2678,23,358,390,2
2679,22,716,437,1
2679,23,354,390,2
2680,22,721,438,1
2680,23,349,391,2
2681,22,724,438,1
2681,23,350,394,2
2682,22,728,439,1
2682,23,350,395,2
2683,22,732,439,1
2683,23,350,395,2
2684,22,736,439,1
2684,23,349,396,2
2685,22,732,439,1
2685,23,348,397,2
2686,22,738,439,1
2686,23,347,400,2
2687,22,732,439,1
2687,23,347,401,2
2688,22,728,439,1
2688,23,348,404,2
2689,22,722,439,1
2689,23,347,406,2
2690,23,346,408,2
2691,23,345,410,2
2692,23,341,413,2
2693,23,338,413,2
2694,23,335,413,2
2695,23,329,414,2
2696,23,326,414,2
2697,23,320,414,2
2698,23,314,413,2
2699,23,308,412,2
2700,23,304,412,2
2701,23,299,412,2
2701,22,767,438,1
2702,23,297,413,2
2702,22,764,437,1
2703,23,292,412,2
2704,23,286,412,2
2705,23,279,412,2
2705,22,760,437,1
2706,23,272,410,2
2706,22,763,437,1
2707,23,265,408,2
2708,23,260,405,2
2709,23,255,408,2
2710,23,252,410,2
2711,23,248,411,2
2711,22,776,438,1
2712,23,243,411,2
2712,22,784,438,1
2713,23,237,411,2
2714,23,231,410,2
2715,23,226,417,2
2715,22,773,437,1
2716,23,224,423,2
2716,22,775,436,1
2717,23,223,430,2
2717,22,777,435,1
2718,23,221,433,2
2718,22,776,431,1
2719,23,220,435,2
2719,22,774,433,1
2720,23,219,439,2
2720,22,771,434,1
2721,22,769,435,1
2722,22,766,430,1
2723,22,766,426,1
2724,22,766,416,1
2725,22,764,400,1
2726,22,763,385,1
2727,22,762,375,1
2728,22,760,368,1
2729,22,759,364,1
2729,23,133,512,2
2730,22,759,363,1
2731,22,758,363,1
2731,23,128,513,2
2732,22,758,361,1
2732,23,126,514,2
2733,22,758,364,1
2734,22,758,365,1
2734,23,152,494,2
2735,22,759,365,1
2735,23,163,487,2
2736,22,758,365,1
2736,23,150,486,2
2737,22,755,364,1
2737,23,135,487,2
2738,22,752,364,1
2738,23,126,489,2
2739,22,750,359,1
2739,23,129,488,2
2740,22,746,355,1
2740,23,140,489,2
2741,22,744,350,1
2741,23,140,487,2
2742,22,746,347,1
2742,23,124,488,2
2743,22,745,346,1
2743,23,116,495,2
2744,22,748,346,1
2744,23,112,494,2
2745,22,751,346,1
2746,22,753,345,1
2747,22,755,344,1
2747,23,102,500,2
2748,22,756,344,1
2748,23,100,506,2
2749,22,757,344,1
2750,22,757,343,1
2751,22,757,342,1
2752,22,757,342,1
2753,22,756,342,1
2754,22,754,341,1
2755,22,747,340,1
2756,22,755,339,1
2757,22,753,339,1
2758,22,752,338,1
2759,22,758,338,1
2760,22,762,338,1
2761,22,764,337,1
2762,22,754,337,1
2763,22,749,337,1
2764,22,748,337,1
2765,22,746,337,1
2766,22,746,337,1
2767,22,745,338,1
2768,22,746,337,1
2769,22,747,337,1
2770,22,749,338,1
2771,22,751,340,1
2772,22,752,341,1
2773,22,753,341,1
2774,22,754,343,1
2775,22,755,343,1
2776,22,754,343,1
2777,22,754,344,1
2778,22,755,344,1
2779,22,755,344,1
2780,22,755,343,1
2781,22,755,343,1
2782,22,755,343,1
2783,22,755,343,1
2784,22,755,343,1
2785,22,755,343,1
2786,22,755,343,1
2787,22,755,343,1
2788,22,755,343,1
2789,22,754,345,1
2790,22,754,347,1
2791,22,754,349,1
2792,22,756,352,1
2793,22,756,355,1
2794,22,755,359,1
2795,22,756,363,1
2796,22,758,366,1
2797,22,760,368,1
2798,22,762,369,1
2799,22,761,370,1
2800,22,760,369,1
2801,22,762,369,1
2802,22,766,367,1
2803,22,767,358,1
2804,22,770,356,1
2805,22,772,353,1
2806,22,775,349,1
2807,22,777,348,1
2808,22,778,351,1
2809,22,778,354,1
2810,22,777,359,1
2811,22,776,366,1
2812,22,776,378,1
2813,22,775,385,1
2814,22,773,391,1
2815,22,766,400,1
2816,22,762,410,1
2817,22,759,418,1
2818,22,756,422,1
2819,22,754,426,1
2820,22,751,427,1
2821,22,749,428,1
2822,22,747,427,1
2823,22,745,426,1
2824,22,742,424,1
2825,22,739,424,1
2826,22,739,429,1
2827,22,735,438,1
2828,22,731,455,1
2829,22,729,470,1
2830,22,726,486,1
2831,22,726,495,1
2832,22,725,500,1
2833,22,724,506,1
2834,22,723,509,1
2835,22,721,510,1
2836,22,719,506,1
2837,22,716,508,1
2838,22,716,509,1
2839,22,715,502,1
2840,22,710,501,1
2841,22,707,507,1
2842,22,701,514,1
2843,22,693,527,1
2844,22,686,539,1
2845,22,681,548,1
2846,22,679,558,1
2847,22,676,563,1
2848,22,674,566,1
2849,22,672,567,1
